name,roll_no,ug_no,section
SUMIT NAGBANSA,24ECE003,24UG010893,SEC A
SUSANT KUMAR PATRA,24ECE005,24UG010895,SEC A
KRISHNA PAL,24ECE007,24UG010897,SEC A
SHUBHAM MEHER,24ECE009,24UG010899,SEC A
ALOK PATEL,24ECE011,24UG010901,SEC A
SHUBHASHISH PANIGRAHY,24ECE013,24UG010903,SEC A
SWARUP KUMAR GIRI,24ECE015,24UG010905,SEC A
AYUSHMAN PATEL,24ECE017,24UG010907,SEC A
ALOK SHARMA,24ECE019,24UG010909,SEC A
ARCHITA SAMAL,24ECE021,24UG010911,SEC A
ASHUTOSH BARIK,24ECE023,24UG010913,SEC A
TUSARAKANTA SENAPATI,24ECE025,24UG010915,SEC A
DEEPTANSHU GADTYA,24ECE027,24UG010917,SEC A
KIRTIDIPTA CHOUDHURY,24ECE029,24UG010919,SEC A
SUBHANKAR MISHRA,24ECE031,24UG010921,SEC A
BIDYASHREE CHOUDHURY,24ECE033,24UG010923,SEC A
SHUVANKAR TRIPATHY,24ECE035,24UG010925,SEC A
PRIYANSHU MISHRA,24ECE037,24UG010927,SEC A
NEMALPURI BHOUMIK CHOUDHURY,24ECE039,24UG010929,SEC A
JADA LEELA PRASANTH,24ECE041,24UG010931,SEC A
ROSHNI RANI SAMANTA,24ECE043,24UG010932,SEC A
TUSHAR KANTA BAGHA,24ECE045,24UG010934,SEC A
PRAMIT KUMAR NANDA,24ECE047,24UG010936,SEC A
RISHI RAJ,24ECE049,24UG010938,SEC A
RAMDAS MISHRA,24ECE051,24UG010940,SEC A
SAIPRABHA SAMAL,24ECE053,24UG010942,SEC A
SUBHAM SAHU,24ECE055,24UG010944,SEC A
AKANKSHYA MISHRA,24ECE057,24UG010946,SEC A
SUDHANSHU KUMAR,24ECE059,24UG010948,SEC A
ADITYA VARDHAN TRIPATHY,24ECE061,24UG010950,SEC A
SUMIT SHARMA,24ECE063,24UG010952,SEC A
RANIT KUMAR TARINI,24ECE065,24UG010954,SEC A
ZEENAT KHATUN,24ECE067,24UG010956,SEC A
SUNIL HARICHANDAN,24ECE069,24UG010958,SEC A
MANISH KUMAR,24ECE071,24UG010960,SEC A
S.MILAN PATRA,24ECE073,24UG010962,SEC A
PILAKA SHYAM SHIVA,24ECE075,24UG010964,SEC A
ROSHAN KUMAR PRADHAN,24ECE077,24UG010966,SEC A
PRITISH BEHERA,24ECE079,24UG010968,SEC A
RUDRA PRATAP SAHU,24ECE081,24UG010970,SEC A
SUBRAT PADHI,24ECE083,24UG010972,SEC A
AYUSHMAN PATRA,24ECE085,24UG010974,SEC A
MANIKANTHA SAHU,24ECE087,24UG010976,SEC A
SATYAM KUMAR,24ECE089,24UG010978,SEC A
GANESH JENA,24ECE091,24UG010980,SEC A
SANDEEP BISWAL,24ECE093,24UG010982,SEC A
N. ASHRIT CHOUDHURY,24ECE095,24UG010984,SEC A
JAGANNATH PANIGRAHI,24ECE097,24UG010986,SEC A
MONALISHA BARIK,24ECE099,24UG010988,SEC A
CHINMAYA BEHERA,24ECE101,24UG010990,SEC A
SWAGAT KUMAR SATAPATHY,24ECE103,24UG010992,SEC A
KANDENA ABHIRAM,24ECE107,24UG010995,SEC A
ADITYA PANIGRAHI,24ECE109,24UG010997,SEC A
VAILPILLI HARSHVARDHAN RAO,24ECE111,24UG010999,SEC A
RAJENDRA JENA,24ECE113,24UG011095,SEC A
PARAG KUMAR MAHANTA,24ECE115,24UG010449,SEC A
DHARMA BEHERA,24ECE117,24UG010429,SEC A
HARSHIT PANDA,24ECE119,24UG011002,SEC A
MALLIPAMULA BHANU PRAVEEN,24ECE121,24UG011016,SEC A
PRATIK DAS,24ECE002,24UG010892,SEC B
RITESH MISHRA,24ECE004,24UG010894,SEC B
GAJAVILLI DEBASHISH,24ECE008,24UG010898,SEC B
BAISALI NAYAK,24ECE010,24UG010900,SEC B
KOTINI JHANSI,24ECE012,24UG010902,SEC B
AVISHEK RANA,24ECE014,24UG010904,SEC B
RESHMARANI HARIPAL,24ECE016,24UG010906,SEC B
ANISHA MAHARANA,24ECE018,24UG010908,SEC B
AKSHAY KUMAR SHARMA,24ECE020,24UG010910,SEC B
SHIVAM ACHARYA,24ECE022,24UG010912,SEC B
SOVRAJ KESHARI NAYAK,24ECE024,24UG010914,SEC B
SIMADRI KRISHMA,24ECE026,24UG010916,SEC B
ABHIMANYU JENA,24ECE028,24UG010918,SEC B
GYANARANJAN MUDULI,24ECE030,24UG010920,SEC B
OJASWEETA RANI PADHI,24ECE032,24UG010922,SEC B
ANISHA DHAL,24ECE034,24UG010924,SEC B
SUMAN NAHAK,24ECE036,24UG010926,SEC B
B.JAGANATH PATRO,24ECE038,24UG010928,SEC B
JADA RAMACHANDU,24ECE040,24UG010930,SEC B
PRAGYAN MISHRA,24ECE046,24UG010935,SEC B
ANSHUMAN PANDA,24ECE048,24UG010937,SEC B
NAWAL KUMAR,24ECE050,24UG010939,SEC B
SANDEEP MAJHI,24ECE052,24UG010941,SEC B
SHANKAR KUMAR SAHU,24ECE054,24UG010943,SEC B
SUBHAM SAHU,24ECE056,24UG010945,SEC B
PRATYUSH KUMAR PADHIARY,24ECE058,24UG010947,SEC B
SOUMYARANJAN BHOI,24ECE060,24UG010949,SEC B
PUNIT KUMAR,24ECE062,24UG010951,SEC B
SASWAT KUMAR SAHU,24ECE064,24UG010953,SEC B
BISWAJIT SAUNTA,24ECE066,24UG010955,SEC B
BRAJESH KUMAR PRADHAN,24ECE068,24UG010957,SEC B
ADARSH PALO,24ECE070,24UG010959,SEC B
DHRITESH BARIK,24ECE072,24UG010961,SEC B
CHINMAYA MISHRA,24ECE074,24UG010963,SEC B
BEDA PRAKASH SAHU,24ECE076,24UG010965,SEC B
BODALA LAXMAN SAI,24ECE078,24UG010967,SEC B
PRINCE PAL,24ECE080,24UG010969,SEC B
PEDINA NIKHIL,24ECE082,24UG010971,SEC B
SONAM NAYAK,24ECE084,24UG010973,SEC B
KONDAKA VENU GOPAL,24ECE086,24UG010975,SEC B
KENGUVA SANJANA,24ECE088,24UG010977,SEC B
SHAKTI SWARUP SUPKAR,24ECE090,24UG010979,SEC B
KAMALAKANTA PADHAN,24ECE092,24UG010981,SEC B
SUBHAM PATRA,24ECE094,24UG010983,SEC B
SMITA PRASAD,24ECE096,24UG010985,SEC B
BATNA RESHMA,24ECE098,24UG010987,SEC B
SUBHASMITA MAHAPATRA,24ECE100,24UG010989,SEC B
AMOS NAIK,24ECE102,24UG010991,SEC B
B ABHISHEK KUMAR,24ECE104,24UG010993,SEC B
PRIYABRATA BISWAL,24ECE106,24UG010994,SEC B
PIYUSH RANJAN LENKA,24ECE112,24UG011093,SEC B
RITTWIK KUMAR PANDA,24ECE114,24UG010090,SEC B
SANGRAM PADHY,24ECE116,24UG010428,SEC B
SAGAR GIRI,24ECE118,24UG010708,SEC B
SUSANTA KUMAR PADHI,24ECE120,24UG011003,SEC B
ARUP CHAKRABORTY,24LEECE001,24UG01LE19,SEC B
